{
  "master_seed": 20260702,
  "n_seeds": 10,
  "seeds": [
    3646778824,
    1268645553,
    3630104389,
    1170673145,
    1430143755,
    1878085005,
    800466125,
    191399462,
    2830564451,
    971002348
  ],
  "varied": "data generation seed (also reseeds split, init, and minibatch order)",
  "primary_metric": "mae",
  "per_seed": [
    {
      "seed": 3646778824,
      "models": {
        "nn": {
          "mae": 3.3310423666058013,
          "rmse": 5.557049358083445,
          "mape": 12.568322001286,
          "r2_observed": 0.9497042410345664,
          "r2_true_ltv": 0.9955863355087047,
          "spearman_true_ltv": 0.9989093070675359
        },
        "gbm": {
          "mae": 3.391284940991827,
          "rmse": 5.582104754268174,
          "mape": 13.117813516012502,
          "r2_observed": 0.9492496756671471,
          "r2_true_ltv": 0.9940287813240503,
          "spearman_true_ltv": 0.9979447767234844
        },
        "ridge": {
          "mae": 4.869419785253299,
          "rmse": 10.23370360377246,
          "mape": 17.19088694815443,
          "r2_observed": 0.8294276917651721,
          "r2_true_ltv": 0.8618887867857418,
          "spearman_true_ltv": 0.9920489583811773
        },
        "heuristic": {
          "mae": 32.71022906447006,
          "rmse": 46.559712619221855,
          "mape": 172.39435125135483,
          "r2_observed": -2.5307213172371683,
          "r2_true_ltv": -2.766700923424152,
          "spearman_true_ltv": 0.8087969001999641
        }
      }
    },
    {
      "seed": 1268645553,
      "models": {
        "nn": {
          "mae": 3.3816098189512145,
          "rmse": 5.714695885113193,
          "mape": 12.5409985853474,
          "r2_observed": 0.9470443633927904,
          "r2_true_ltv": 0.994151395315276,
          "spearman_true_ltv": 0.9989302284883844
        },
        "gbm": {
          "mae": 3.4731263239726977,
          "rmse": 5.730914493883905,
          "mape": 13.41156771658627,
          "r2_observed": 0.9467433550717068,
          "r2_true_ltv": 0.9938398672283367,
          "spearman_true_ltv": 0.9976269442669574
        },
        "ridge": {
          "mae": 4.895671561165012,
          "rmse": 9.920445817791263,
          "mape": 17.414018801317507,
          "r2_observed": 0.840416375506795,
          "r2_true_ltv": 0.8836989898006736,
          "spearman_true_ltv": 0.9921227448098979
        },
        "heuristic": {
          "mae": 33.8251764212781,
          "rmse": 48.95955979838004,
          "mape": 175.67516664233304,
          "r2_observed": -2.8868784029967154,
          "r2_true_ltv": -3.009566901869986,
          "spearman_true_ltv": 0.8132406544955508
        }
      }
    },
    {
      "seed": 3630104389,
      "models": {
        "nn": {
          "mae": 3.309124966269323,
          "rmse": 5.486390540486705,
          "mape": 13.193824938845713,
          "r2_observed": 0.9491271916927486,
          "r2_true_ltv": 0.9954495217620832,
          "spearman_true_ltv": 0.9988689599338099
        },
        "gbm": {
          "mae": 3.390778768780233,
          "rmse": 5.657334499809744,
          "mape": 13.464438236588208,
          "r2_observed": 0.9459076324496495,
          "r2_true_ltv": 0.9933723504336786,
          "spearman_true_ltv": 0.9978867474085595
        },
        "ridge": {
          "mae": 4.7921646874761,
          "rmse": 10.520989191095456,
          "mape": 17.24633711880859,
          "r2_observed": 0.812920834778491,
          "r2_true_ltv": 0.8487532366611894,
          "spearman_true_ltv": 0.9926463105169614
        },
        "heuristic": {
          "mae": 31.464907995646413,
          "rmse": 46.1524732717085,
          "mape": 165.04467272044448,
          "r2_observed": -2.5999977838396546,
          "r2_true_ltv": -2.8357519146708787,
          "spearman_true_ltv": 0.8186383643659861
        }
      }
    },
    {
      "seed": 1170673145,
      "models": {
        "nn": {
          "mae": 3.294713785415101,
          "rmse": 5.43877071993424,
          "mape": 12.621556124314552,
          "r2_observed": 0.9504245903250556,
          "r2_true_ltv": 0.994518425627195,
          "spearman_true_ltv": 0.9987504680057665
        },
        "gbm": {
          "mae": 3.398482504145639,
          "rmse": 5.547429987729905,
          "mape": 13.164522186796201,
          "r2_observed": 0.9484239034954027,
          "r2_true_ltv": 0.9936393366432326,
          "spearman_true_ltv": 0.9978212581154727
        },
        "ridge": {
          "mae": 4.764756208425901,
          "rmse": 10.255748140606814,
          "mape": 16.952833210018785,
          "r2_observed": 0.8237214359919609,
          "r2_true_ltv": 0.849026913272644,
          "spearman_true_ltv": 0.9922370674438351
        },
        "heuristic": {
          "mae": 31.866754993210883,
          "rmse": 46.44009972995946,
          "mape": 164.4168790885386,
          "r2_observed": -2.6145238733624017,
          "r2_true_ltv": -2.9297469787060577,
          "spearman_true_ltv": 0.8058315992792667
        }
      }
    },
    {
      "seed": 1430143755,
      "models": {
        "nn": {
          "mae": 3.2759558914533247,
          "rmse": 5.507090899932162,
          "mape": 12.99012766480817,
          "r2_observed": 0.9491829549296822,
          "r2_true_ltv": 0.9951784449012762,
          "spearman_true_ltv": 0.9989429668123607
        },
        "gbm": {
          "mae": 3.3272324819026924,
          "rmse": 5.596364607925077,
          "mape": 13.247594674650855,
          "r2_observed": 0.9475220428327481,
          "r2_true_ltv": 0.9937092014823183,
          "spearman_true_ltv": 0.9978259588859103
        },
        "ridge": {
          "mae": 4.527144167641338,
          "rmse": 8.942532659009435,
          "mape": 17.19362399809717,
          "r2_observed": 0.8660058038224214,
          "r2_true_ltv": 0.9047555249814749,
          "spearman_true_ltv": 0.9921779637872823
        },
        "heuristic": {
          "mae": 31.791236230096303,
          "rmse": 46.45155894056515,
          "mape": 173.69731296705717,
          "r2_observed": -2.615476186783429,
          "r2_true_ltv": -2.863816928064339,
          "spearman_true_ltv": 0.8110048716160793
        }
      }
    },
    {
      "seed": 1878085005,
      "models": {
        "nn": {
          "mae": 3.385665674606108,
          "rmse": 5.717858278366471,
          "mape": 12.917423780167937,
          "r2_observed": 0.9475149354684691,
          "r2_true_ltv": 0.9948857934061027,
          "spearman_true_ltv": 0.9988646010320869
        },
        "gbm": {
          "mae": 3.456634689191183,
          "rmse": 5.842691630354138,
          "mape": 13.12890842681739,
          "r2_observed": 0.9451981912545381,
          "r2_true_ltv": 0.9939727912981161,
          "spearman_true_ltv": 0.9979780122696015
        },
        "ridge": {
          "mae": 4.968849050962982,
          "rmse": 9.872923130151408,
          "mape": 17.654754461855557,
          "r2_observed": 0.8435194106394728,
          "r2_true_ltv": 0.8921911197032255,
          "spearman_true_ltv": 0.992098204985353
        },
        "heuristic": {
          "mae": 32.80395857514399,
          "rmse": 46.54781570116703,
          "mape": 177.10435170267795,
          "r2_observed": -2.4783043038088683,
          "r2_true_ltv": -2.7066611424377824,
          "spearman_true_ltv": 0.811051724988277
        }
      }
    },
    {
      "seed": 800466125,
      "models": {
        "nn": {
          "mae": 3.5528067396160217,
          "rmse": 5.920456698919279,
          "mape": 13.05213487940673,
          "r2_observed": 0.9420648658103047,
          "r2_true_ltv": 0.9942516581441143,
          "spearman_true_ltv": 0.9989638863598725
        },
        "gbm": {
          "mae": 3.6058523574165253,
          "rmse": 6.039054800605769,
          "mape": 13.481783272780385,
          "r2_observed": 0.9397205140443721,